method,group_id,seed,recall@50,mrr,map,ndcg@50,tie_fraction
pfam,BGC0000031,20260810,0.9272727272727274,0.14907833030403528,0.7342909300109831,0.8888558836507595,0.6779032258064517
pfam,BGC0000078,20260810,0.79,0.5578427423656414,0.6542569133027111,0.7430867618090964,0.7344239631336406
pfam,BGC0000171,20260810,1.0,0.2446256734718273,1.0,1.0,0.7226497695852535
pfam,BGC0000175,20260810,0.5882352941176471,0.05907650340824973,0.9957679009388359,1.0,0.6192626728110601
pfam,BGC0000469,20260810,1.0,0.75,1.0,1.0,0.7570737327188941
pfam,BGC0001140,20260810,0.7575757575757575,0.0723398035491197,1.0,1.0,0.6722811059907834
pfam,BGC0001441,20260810,0.746268656716418,0.07148287175188403,1.0,1.0,0.726589861751152
pfam,BGC0001574,20260810,0.9597045454545454,0.1642700189217952,0.929113692259776,0.9657052052025518,0.648410138248848
pfam,BGC0001657,20260810,0.78,0.7806875,0.7806875,0.78,0.712857142857143
pfam,BGC0001700,20260810,1.0,0.15263832711014028,1.0,1.0,0.7121198156682027
pfam,BGC0001945,20260810,0.865,0.6828380028939306,0.8656760057878609,0.8955497420466737,0.651958525345622
pfam,BGC0001952,20260810,1.0,0.25860088985088986,1.0,1.0,0.7189631336405529
pfam,BGC0002061,20260810,0.9327272727272726,0.12366360508905785,0.4192947130849944,0.6553901641878451,0.7278571428571429
pfam,BGC0002095,20260810,1.0,0.16972768972293584,0.5061359519977779,0.7494279273785629,0.7329723502304148
pfam,BGC0002378,20260810,0.7,0.3834953331643595,0.6790006620675371,0.7750979825022887,0.7288479262672811
pfam,BGC0002625,20260810,1.0,0.2745343040797586,1.0,1.0,0.7350691244239631
raw_esm_mean,BGC0000031,20260810,0.4,0.10848216767537706,0.36111138580008295,0.4901937767787423,0.17338709677419356
raw_esm_mean,BGC0000078,20260810,0.96,0.3287930611450535,0.40960993181391664,0.5808228590960076,0.16066820276497698
raw_esm_mean,BGC0000171,20260810,0.8023076923076924,0.22442733484580304,0.8040900399457154,0.8584959227476062,0.1733640552995392
raw_esm_mean,BGC0000175,20260810,0.5882352941176471,0.058911397448230374,0.9818485511133496,1.0,0.1811290322580645
raw_esm_mean,BGC0000469,20260810,0.725,0.4689204743961239,0.5260818551726889,0.6378617249316033,0.1656221198156682
raw_esm_mean,BGC0001140,20260810,0.7571212121212122,0.07195055553828536,0.9750505784079906,0.9994952545560436,0.18138248847926267
raw_esm_mean,BGC0001441,20260810,0.746268656716418,0.07096617009112814,0.9661089420356409,1.0,0.17511520737327188
raw_esm_mean,BGC0001574,20260810,0.7940909090909091,0.15526764212577734,0.7900551753779037,0.8507339704566319,0.17338709677419356
raw_esm_mean,BGC0001657,20260810,0.59,0.5925054124673386,0.5925054124673386,0.59,0.16576036866359448
raw_esm_mean,BGC0001700,20260810,0.9304,0.1499680633589154,0.9344231811295832,0.954238436961606,0.1678110599078341
raw_esm_mean,BGC0001945,20260810,0.865,0.6765341083486801,0.8530682166973604,0.8891274051785288,0.17066820276497696
raw_esm_mean,BGC0001952,20260810,0.9691666666666668,0.2557183824816168,0.965409911568724,0.9786542829816964,0.17682027649769586
raw_esm_mean,BGC0002061,20260810,0.8645454545454545,0.1341145239125424,0.4278743288606828,0.6504160972775846,0.17345622119815668
raw_esm_mean,BGC0002095,20260810,1.0,0.1752164398842123,0.5105624529136678,0.7567538196891622,0.16951612903225807
raw_esm_mean,BGC0002378,20260810,0.6859999999999999,0.3029901540248173,0.4865432653970153,0.6549180470030578,0.17552995391705067
raw_esm_mean,BGC0002625,20260810,1.0,0.2744116018218889,0.9986502751634332,0.9996542435205532,0.1720046082949309
setnet,BGC0000031,20260810,0.4068181818181818,0.1072892249118646,0.3517584776447513,0.4900590354278049,0.1492626728110599
setnet,BGC0000078,20260810,0.645,0.5117312283077069,0.5955886248397128,0.6681791805997654,0.14963133640552995
setnet,BGC0000171,20260810,0.9446153846153846,0.2405200219438444,0.9466265301362224,0.9646883483419524,0.14463133640552994
setnet,BGC0000175,20260810,0.5882352941176471,0.05889934932222024,0.9809153958859794,1.0,0.1488479262672811
setnet,BGC0000469,20260810,1.0,0.6406666666666666,0.8013333333333332,0.8928864201091189,0.1490783410138249
setnet,BGC0001140,20260810,0.7575757575757575,0.07233763964939811,0.9998573592094624,1.0,0.1471658986175115
setnet,BGC0001441,20260810,0.746268656716418,0.07148248243230636,0.9999739155882988,1.0,0.14797235023041475
setnet,BGC0001574,20260810,0.9604545454545454,0.16316559289336058,0.9090354814304338,0.9607411790156206,0.14548387096774193
setnet,BGC0001657,20260810,1.0,0.6591228070175439,0.6591228070175439,0.7266240790937114,0.1470967741935484
setnet,BGC0001700,20260810,0.94,0.15048791564746936,0.9472978776798271,0.9602077445911804,0.1450230414746544
setnet,BGC0001945,20260810,0.865,0.6828151773777307,0.8656303547554614,0.8955497420466737,0.15156682027649768
setnet,BGC0001952,20260810,1.0,0.2585426790665761,0.9993014705882354,0.9998302701873834,0.14608294930875576
setnet,BGC0002061,20260810,0.9318181818181818,0.14609473590286326,0.4646181860890439,0.6975949565406186,0.14511520737327188
setnet,BGC0002095,20260810,1.0,0.1815162875392432,0.5157440656632893,0.7683022979738984,0.1432258064516129
setnet,BGC0002378,20260810,0.8460000000000001,0.3227419797983911,0.5334433091971746,0.7308937841540333,0.1460599078341014
setnet,BGC0002625,20260810,1.0,0.2745343040797586,1.0,1.0,0.14599078341013827
pfam,BGC0000031,20260811,0.911818181818182,0.14663141566061813,0.711429726151807,0.8726221425298689,0.6778801843317973
pfam,BGC0000078,20260811,0.81,0.5440502973038137,0.6363148803219132,0.7327918575214671,0.7371889400921658
pfam,BGC0000171,20260811,1.0,0.2446256734718273,1.0,1.0,0.7226728110599078
pfam,BGC0000175,20260811,0.5882352941176471,0.059075695025965325,0.9956997799127508,1.0,0.6193317972350231
pfam,BGC0000469,20260811,1.0,0.75,1.0,1.0,0.7578571428571429
pfam,BGC0001140,20260811,0.7575757575757575,0.0723398035491197,1.0,1.0,0.6700230414746544
pfam,BGC0001441,20260811,0.746268656716418,0.07148287175188403,1.0,1.0,0.7238940092165899
pfam,BGC0001574,20260811,0.9613636363636364,0.1639620626591847,0.923520843120044,0.9651301149400319,0.6494239631336406
pfam,BGC0001657,20260811,0.86,0.8604375000000001,0.8604375000000001,0.86,0.7100691244239631
pfam,BGC0001700,20260811,1.0,0.15263832711014028,1.0,1.0,0.7103917050691244
pfam,BGC0001945,20260811,0.785,0.6430384007568741,0.7860768015137483,0.8336532928891471,0.6520046082949308
pfam,BGC0001952,20260811,1.0,0.25860088985088986,1.0,1.0,0.7195622119815668
pfam,BGC0002061,20260811,0.9327272727272726,0.12117528892678435,0.4170481962269855,0.6511093830598614,0.7297004608294931
pfam,BGC0002095,20260811,1.0,0.16820550158565514,0.5037930598250253,0.7466383285008387,0.7331797235023042
pfam,BGC0002378,20260811,0.71,0.38638083870628137,0.6894044818972143,0.7835984897841545,0.7255760368663594
pfam,BGC0002625,20260811,1.0,0.2745343040797586,1.0,1.0,0.7335023041474655
raw_esm_mean,BGC0000031,20260811,0.4063636363636363,0.10771240448873264,0.3625766232678194,0.4918136308391755,0.17483870967741935
raw_esm_mean,BGC0000078,20260811,0.995,0.4106316283337157,0.5121561138102884,0.6727136492747431,0.16039170506912442
raw_esm_mean,BGC0000171,20260811,0.8184615384615386,0.22544850650913456,0.8183909432007915,0.8687811335251032,0.17396313364055302
raw_esm_mean,BGC0000175,20260811,0.5882352941176471,0.05891097886927048,0.9818191600290872,1.0,0.18147465437788016
raw_esm_mean,BGC0000469,20260811,0.81,0.4757256207895921,0.5445117663257555,0.6658322437455619,0.1654147465437788
raw_esm_mean,BGC0001140,20260811,0.7575757575757575,0.0719713313476109,0.9759534950992836,1.0,0.18018433179723506
raw_esm_mean,BGC0001441,20260811,0.746268656716418,0.0709445555629329,0.9647275576486629,1.0,0.17352534562211985
raw_esm_mean,BGC0001574,20260811,0.7827272727272727,0.15356539178599682,0.7737961336485124,0.8398518021949883,0.17361751152073734
raw_esm_mean,BGC0001657,20260811,0.63,0.632368047779022,0.632368047779022,0.63,0.16557603686635947
raw_esm_mean,BGC0001700,20260811,0.9332,0.15007932356564918,0.9370788054420146,0.95609530330578,0.1675115207373272
raw_esm_mean,BGC0001945,20260811,0.785,0.6369586751492828,0.7739173502985658,0.8272309560210022,0.1720046082949309
raw_esm_mean,BGC0001952,20260811,0.9716666666666668,0.2557934744183974,0.9663110148100904,0.9797095366152858,0.1753917050691244
raw_esm_mean,BGC0002061,20260811,0.8718181818181818,0.13400180789417568,0.43034862843669786,0.6537344582558753,0.17513824884792625
raw_esm_mean,BGC0002095,20260811,1.0,0.16651917967211244,0.4968691493249476,0.7419064796414928,0.17048387096774192
raw_esm_mean,BGC0002378,20260811,0.674,0.3062055452301542,0.4815017318659796,0.6552402367240877,0.17576036866359449
raw_esm_mean,BGC0002625,20260811,1.0,0.27441383364110633,0.9986748251748252,0.9996656370918654,0.17205069124423966
setnet,BGC0000031,20260811,0.57,0.11580348540129408,0.4106822740427234,0.5916290477430581,0.14783410138248848
setnet,BGC0000078,20260811,0.95,0.2861637315028974,0.3594107963391282,0.534544074648868,0.1495852534562212
setnet,BGC0000171,20260811,0.9423076923076924,0.2402359657551747,0.9430755760358192,0.9627330518587258,0.14753456221198158
setnet,BGC0000175,20260811,0.5882352941176471,0.0589856006589921,0.9881111725615248,1.0,0.14861751152073732
setnet,BGC0000469,20260811,1.0,0.7175833333333332,0.9351666666666668,0.9681462576295056,0.14755760368663595
setnet,BGC0001140,20260811,0.7575757575757575,0.07233973602899868,0.9999955436720144,1.0,0.14695852534562212
setnet,BGC0001441,20260811,0.746268656716418,0.07147050332841323,0.999171349379998,1.0,0.14739631336405531
setnet,BGC0001574,20260811,0.92,0.16129534187538394,0.876037459502673,0.9323257675490616,0.1492626728110599
setnet,BGC0001657,20260811,1.0,0.8755555555555555,0.8755555555555555,0.9021441993929574,0.1474193548387097
setnet,BGC0001700,20260811,0.9992,0.15192560636514027,0.9824909922465016,0.9958057510828592,0.14460829493087554
setnet,BGC0001945,20260811,0.785,0.6434447239202064,0.7868894478404126,0.8336532928891471,0.14801843317972352
setnet,BGC0001952,20260811,1.0,0.25860088985088986,1.0,1.0,0.1499078341013825
setnet,BGC0002061,20260811,0.9327272727272726,0.16379494823570248,0.4953121620431149,0.7319590065803824,0.14755760368663595
setnet,BGC0002095,20260811,1.0,0.10215650481577844,0.3804507519427335,0.622374123636388,0.14580645161290326
setnet,BGC0002378,20260811,0.722,0.3271511065672761,0.5773481591108954,0.7061819052910622,0.15188940092165898
setnet,BGC0002625,20260811,1.0,0.2745343040797586,1.0,1.0,0.14654377880184333
pfam,BGC0000031,20260812,0.9381818181818182,0.1505218058921298,0.7401369127404032,0.8985290914936408,0.6789631336405529
pfam,BGC0000078,20260812,0.85,0.5857679360517359,0.6908215863891862,0.7848077426625736,0.7372811059907833
pfam,BGC0000171,20260812,1.0,0.2446256734718273,1.0,1.0,0.7213594470046083
pfam,BGC0000175,20260812,0.5882352941176471,0.059076618457577314,0.9957778612382068,1.0,0.6188248847926268
pfam,BGC0000469,20260812,1.0,0.75,1.0,1.0,0.7604608294930876
pfam,BGC0001140,20260812,0.7575757575757575,0.0723398035491197,1.0,1.0,0.6727419354838711
pfam,BGC0001441,20260812,0.746268656716418,0.07148287175188403,1.0,1.0,0.7240552995391706
pfam,BGC0001574,20260812,0.9604545454545454,0.16363168740192374,0.917547670911274,0.9631903581471648,0.6463364055299539
pfam,BGC0001657,20260812,0.81,0.81059375,0.81059375,0.81,0.7117972350230414
pfam,BGC0001700,20260812,1.0,0.15263832711014028,1.0,1.0,0.7120046082949308
pfam,BGC0001945,20260812,0.84,0.6704134272705699,0.8408268545411398,0.8762071016849466,0.6523732718894009
pfam,BGC0001952,20260812,1.0,0.25860088985088986,1.0,1.0,0.7189400921658986
pfam,BGC0002061,20260812,0.9372727272727271,0.12827904850581867,0.4321200081399358,0.6669064070124832,0.7294700460829493
pfam,BGC0002095,20260812,1.0,0.1716299677013038,0.5082210598908767,0.7524422058748792,0.7312442396313363
pfam,BGC0002378,20260812,0.696,0.3829438818492904,0.6765275740825166,0.7730624896886245,0.7286635944700461
pfam,BGC0002625,20260812,1.0,0.2745343040797586,1.0,1.0,0.7317281105990783
raw_esm_mean,BGC0000031,20260812,0.4118181818181818,0.10747717200692657,0.3518972770523223,0.492470544761337,0.17465437788018434
raw_esm_mean,BGC0000078,20260812,0.975,0.3547467001689013,0.4465767336711359,0.6123905000357309,0.16
raw_esm_mean,BGC0000171,20260812,0.7630769230769231,0.2201096221583196,0.7635584002001297,0.8289998465128658,0.17552995391705067
raw_esm_mean,BGC0000175,20260812,0.5882352941176471,0.058909852404904824,0.981721523844614,1.0,0.17912442396313366
raw_esm_mean,BGC0000469,20260812,0.755,0.4153255063683082,0.462877458771202,0.5898676273595838,0.1653917050691244
raw_esm_mean,BGC0001140,20260812,0.7575757575757575,0.07197711478903596,0.9763232651523,1.0,0.17995391705069125
raw_esm_mean,BGC0001441,20260812,0.7434328358208956,0.07083677891027856,0.9603368405969982,0.9970214445967848,0.17315668202764978
raw_esm_mean,BGC0001574,20260812,0.7731818181818181,0.15203082743194885,0.758592485244894,0.8302804556778688,0.17417050691244235
raw_esm_mean,BGC0001657,20260812,0.63,0.6322765957446809,0.6322765957446809,0.63,0.16564516129032258
raw_esm_mean,BGC0001700,20260812,0.9316,0.1499861326465813,0.9350769980685936,0.9549112285697648,0.16898617511520736
raw_esm_mean,BGC0001945,20260812,0.84,0.6666809148110944,0.8333618296221887,0.8721931411423559,0.17315668202764978
raw_esm_mean,BGC0001952,20260812,0.9641666666666668,0.2555833032254856,0.9637889604951492,0.9762602379153501,0.17716589861751153
raw_esm_mean,BGC0002061,20260812,0.8781818181818182,0.12724864867835314,0.4213531506303965,0.6438445731132099,0.17198156682027652
raw_esm_mean,BGC0002095,20260812,1.0,0.17259854040681205,0.5074031472726284,0.7529487622453499,0.17002304147465438
raw_esm_mean,BGC0002378,20260812,0.644,0.2907689986103116,0.4631965674834225,0.6232147463434583,0.17465437788018434
raw_esm_mean,BGC0002625,20260812,1.0,0.2744037326310053,0.998563714063714,0.9996397179962958,0.17214285714285715
setnet,BGC0000031,20260812,0.2731818181818182,0.07640710302812266,0.2418610008602073,0.3318027484624877,0.14852534562211986
setnet,BGC0000078,20260812,0.755,0.27125383500530914,0.29659613873144003,0.4557571052602003,0.1480414746543779
setnet,BGC0000171,20260812,0.9492307692307692,0.2408720875262321,0.9512033827072623,0.9676309859801232,0.14536866359447007
setnet,BGC0000175,20260812,0.5882352941176471,0.05897143857666595,0.9869670994148716,1.0,0.14718894009216588
setnet,BGC0000469,20260812,1.0,0.6657051282051282,0.8414102564102564,0.9144411936761708,0.14737327188940091
setnet,BGC0001140,20260812,0.7575757575757575,0.07217199977161387,0.9890130268733778,1.0,0.14781105990783408
setnet,BGC0001441,20260812,0.746268656716418,0.07136964882380778,0.992415127323567,1.0,0.14546082949308756
setnet,BGC0001574,20260812,0.8322727272727274,0.15743383394643876,0.8134851722625821,0.8754670984586947,0.14744239631336406
setnet,BGC0001657,20260812,1.0,0.8146341463414635,0.8146341463414635,0.8452353144489202,0.14631336405529954
setnet,BGC0001700,20260812,1.0,0.15208860085750744,0.9864455812430144,0.9971869540091072,0.14327188940092164
setnet,BGC0001945,20260812,0.84,0.6475712400344753,0.8201424800689507,0.8535776631318549,0.14880184331797236
setnet,BGC0001952,20260812,1.0,0.25860088985088986,1.0,1.0,0.15085253456221198
setnet,BGC0002061,20260812,0.8781818181818182,0.16806846587044166,0.5042758981209651,0.7219081680747607,0.14603686635944702
setnet,BGC0002095,20260812,1.0,0.13571348384288714,0.4343479581952425,0.6839591438610648,0.14299539170506914
setnet,BGC0002378,20260812,0.536,0.2980366211750236,0.488347461867486,0.5974412828937412,0.14764976958525344
setnet,BGC0002625,20260812,1.0,0.2745343040797586,1.0,1.0,0.14723502304147465
pfam,BGC0000031,20260813,0.911818181818182,0.15119803075140542,0.7424727466122271,0.8875934226016288,0.6793087557603686
pfam,BGC0000078,20260813,0.835,0.5569232696515045,0.6475965393030091,0.7508829880848485,0.7374884792626729
pfam,BGC0000171,20260813,1.0,0.2446256734718273,1.0,1.0,0.7224423963133639
pfam,BGC0000175,20260813,0.5882352941176471,0.05907276391882669,0.9954503411977008,1.0,0.6162672811059907
pfam,BGC0000469,20260813,1.0,0.75,1.0,1.0,0.7581797235023042
pfam,BGC0001140,20260813,0.7575757575757575,0.0723398035491197,1.0,1.0,0.6732027649769585
pfam,BGC0001441,20260813,0.746268656716418,0.07148287175188403,1.0,1.0,0.7252995391705069
pfam,BGC0001574,20260813,0.9598863636363636,0.16378919723808685,0.920122747265644,0.9635725822876152,0.6491244239631336
pfam,BGC0001657,20260813,0.85,0.85046875,0.85046875,0.85,0.7101152073732719
pfam,BGC0001700,20260813,1.0,0.15263832711014028,1.0,1.0,0.7113824884792627
pfam,BGC0001945,20260813,0.85,0.675380935655198,0.850761871310396,0.8839441578296374,0.6525345622119815
pfam,BGC0001952,20260813,1.0,0.25860088985088986,1.0,1.0,0.7181336405529954
pfam,BGC0002061,20260813,0.9327272727272726,0.1244981010132631,0.4221675135833741,0.6576630047061977,0.7279953917050692
pfam,BGC0002095,20260813,1.0,0.1716217091577693,0.5117260800366857,0.7531051640323316,0.7338248847926268
pfam,BGC0002378,20260813,0.7140000000000001,0.3847587059701503,0.6845969691608252,0.7816652961908913,0.7265207373271889
pfam,BGC0002625,20260813,1.0,0.2745343040797586,1.0,1.0,0.7357142857142857
raw_esm_mean,BGC0000031,20260813,0.41590909090909095,0.11561342112733396,0.3841863772586329,0.5197485020301429,0.17566820276497694
raw_esm_mean,BGC0000078,20260813,0.98,0.39265735798041296,0.4882909064370165,0.6497827561542515,0.1604147465437788
raw_esm_mean,BGC0000171,20260813,0.8561538461538462,0.22999268344454826,0.8533168592443162,0.8975622085104886,0.17421658986175115
raw_esm_mean,BGC0000175,20260813,0.5882352941176471,0.058905824777528835,0.9813827148831696,1.0,0.1815437788018433
raw_esm_mean,BGC0000469,20260813,0.725,0.4659207374034767,0.5258672649083248,0.6346220962278938,0.16523041474654376
raw_esm_mean,BGC0001140,20260813,0.7575757575757575,0.07198093668751931,0.9765634812705052,1.0,0.1790783410138249
raw_esm_mean,BGC0001441,20260813,0.746268656716418,0.07097534503323487,0.966716462091486,1.0,0.17548387096774193
raw_esm_mean,BGC0001574,20260813,0.7731818181818181,0.15419505506992148,0.7701972723895274,0.8361439523017574,0.17359447004608294
raw_esm_mean,BGC0001657,20260813,0.62,0.6224206793579694,0.6224206793579694,0.62,0.165668202764977
raw_esm_mean,BGC0001700,20260813,0.9296,0.1499372803153048,0.9336693083834726,0.9537120022907803,0.16806451612903225
raw_esm_mean,BGC0001945,20260813,0.85,0.66746688221999,0.8349337644399799,0.8759162367444563,0.1726036866359447
raw_esm_mean,BGC0001952,20260813,0.96,0.25529434015419594,0.9603214036396732,0.9735973376421954,0.17619815668202765
raw_esm_mean,BGC0002061,20260813,0.8672727272727273,0.13435826247855834,0.4256736713149563,0.6514774512006503,0.17255760368663595
raw_esm_mean,BGC0002095,20260813,1.0,0.16832049801523738,0.4935834979172886,0.7440047168726024,0.17135944700460828
raw_esm_mean,BGC0002378,20260813,0.67,0.29682875522386776,0.4750532031309235,0.6411644998287482,0.17345622119815668
raw_esm_mean,BGC0002625,20260813,1.0,0.2743901308685997,0.9984140946772526,0.9996085697361906,0.17078341013824885
setnet,BGC0000031,20260813,0.7109090909090909,0.10252404953832288,0.4167274201940402,0.6328662049462804,0.14912442396313366
setnet,BGC0000078,20260813,0.965,0.6132951009599471,0.7632568685865607,0.8534389770719926,0.14829493087557602
setnet,BGC0000171,20260813,0.9384615384615386,0.23961451207302634,0.9361918498097751,0.9595262431994006,0.14246543778801846
setnet,BGC0000175,20260813,0.5882352941176471,0.05912619797650419,0.9999890875355756,1.0,0.14900921658986174
setnet,BGC0000469,20260813,0.8,0.6247787480724251,0.7695574961448499,0.8207329893955649,0.15119815668202766
setnet,BGC0001140,20260813,0.7575757575757575,0.07233850151932376,0.9999140660334691,1.0,0.14976958525345624
setnet,BGC0001441,20260813,0.746268656716418,0.07145634378339052,0.9982263567593164,1.0,0.14580645161290326
setnet,BGC0001574,20260813,0.8140909090909091,0.1553352532401774,0.7807720778146852,0.859325785854394,0.14769585253456222
setnet,BGC0001657,20260813,0.62,0.6231304229008677,0.6231304229008677,0.62,0.15087557603686635
setnet,BGC0001700,20260813,0.9776,0.15166468065481076,0.9761279526793136,0.9834966525922751,0.14216589861751153
setnet,BGC0001945,20260813,0.85,0.6572104076765295,0.814420815353059,0.8655264551303449,0.1514746543778802
setnet,BGC0001952,20260813,1.0,0.25860088985088986,1.0,1.0,0.1468663594470046
setnet,BGC0002061,20260813,0.9327272727272726,0.15077406966532333,0.4652454835018686,0.7072029778027238,0.14700460829493087
setnet,BGC0002095,20260813,1.0,0.14988134617061796,0.4603321174248158,0.7117609954360017,0.1437327188940092
setnet,BGC0002378,20260813,0.6659999999999999,0.24269250328183856,0.3477456081756464,0.5455821071360009,0.1468663594470046
setnet,BGC0002625,20260813,1.0,0.2745343040797586,1.0,1.0,0.14764976958525344
pfam,BGC0000031,20260814,0.9081818181818184,0.1526880434455039,0.7631937439017051,0.8921811965022985,0.6818433179723502
pfam,BGC0000078,20260814,0.805,0.5915464770157527,0.7023786683172196,0.7819762289669956,0.7331336405529955
pfam,BGC0000171,20260814,1.0,0.2446256734718273,1.0,1.0,0.7243778801843318
pfam,BGC0000175,20260814,0.5882352941176471,0.05907855092926278,0.995941595100678,1.0,0.6188709677419355
pfam,BGC0000469,20260814,1.0,0.75,1.0,1.0,0.7582949308755761
pfam,BGC0001140,20260814,0.7575757575757575,0.0723398035491197,1.0,1.0,0.6678801843317973
pfam,BGC0001441,20260814,0.746268656716418,0.07148287175188403,1.0,1.0,0.7260368663594471
pfam,BGC0001574,20260814,0.9606818181818184,0.1638766586410891,0.9217901335741177,0.9644263017080388,0.6480414746543779
pfam,BGC0001657,20260814,0.72,0.720875,0.720875,0.72,0.7155760368663594
pfam,BGC0001700,20260814,1.0,0.15263832711014028,1.0,1.0,0.7117281105990783
pfam,BGC0001945,20260814,0.82,0.6604493394152077,0.8208986788304152,0.8607329893955651,0.6522811059907834
pfam,BGC0001952,20260814,1.0,0.25860088985088986,1.0,1.0,0.7207834101382489
pfam,BGC0002061,20260814,0.928181818181818,0.12208357511739296,0.4148832695173288,0.6503198016343101,0.7278110599078341
pfam,BGC0002095,20260814,1.0,0.16697917736191698,0.4988517433338481,0.7439434071224439,0.7297235023041475
pfam,BGC0002378,20260814,0.6940000000000001,0.3820754838971805,0.6726302149927755,0.7709230172545384,0.7285023041474655
pfam,BGC0002625,20260814,1.0,0.2745343040797586,1.0,1.0,0.7354608294930876
raw_esm_mean,BGC0000031,20260814,0.4168181818181818,0.11358476922642137,0.3813036360270719,0.5137900039063825,0.17516129032258065
raw_esm_mean,BGC0000078,20260814,0.965,0.3425938288466752,0.4247709910266837,0.5959543115240054,0.16018433179723499
raw_esm_mean,BGC0000171,20260814,0.8346153846153846,0.22864201128627834,0.8360604019443062,0.8838439454331112,0.17428571428571427
raw_esm_mean,BGC0000175,20260814,0.5882352941176471,0.05890516693396805,0.9813274270413176,1.0,0.18052995391705068
raw_esm_mean,BGC0000469,20260814,0.795,0.5001967627375591,0.5659219989396382,0.6862379886175518,0.1659677419354839
raw_esm_mean,BGC0001140,20260814,0.7575757575757575,0.07196802621147039,0.9757263673147596,1.0,0.18069124423963132
raw_esm_mean,BGC0001441,20260814,0.746268656716418,0.07093641349580708,0.9642047544951472,1.0,0.17421658986175115
raw_esm_mean,BGC0001574,20260814,0.7804545454545455,0.1539511552732353,0.7766343860908052,0.8401228022331138,0.17407834101382488
raw_esm_mean,BGC0001657,20260814,0.57,0.5725375139977603,0.5725375139977603,0.57,0.16587557603686634
raw_esm_mean,BGC0001700,20260814,0.9336,0.15008957688335844,0.9373478575736796,0.9563355779684812,0.16725806451612904
raw_esm_mean,BGC0001945,20260814,0.82,0.6551168103688823,0.8102336207377644,0.8551134446359382,0.17205069124423966
raw_esm_mean,BGC0001952,20260814,0.965,0.25562934657918324,0.9643414807395208,0.9767545241613004,0.17705069124423964
raw_esm_mean,BGC0002061,20260814,0.8618181818181818,0.13543531714457466,0.42774205009721145,0.6516338055671028,0.17223502304147467
raw_esm_mean,BGC0002095,20260814,1.0,0.17122801572763546,0.5033096760075374,0.7500115279522563,0.1696082949308756
raw_esm_mean,BGC0002378,20260814,0.6920000000000001,0.31353783550654635,0.5104659971073585,0.6721800094784531,0.17546082949308756
raw_esm_mean,BGC0002625,20260814,1.0,0.2743868000686182,0.998377455877456,0.9995917450462388,0.1723963133640553
setnet,BGC0000031,20260814,0.7622727272727273,0.14370696333041272,0.6541683644307429,0.7850152017227807,0.15034562211981567
setnet,BGC0000078,20260814,0.635,0.3165677834379633,0.3652635556241686,0.4817191014406771,0.1477880184331797
setnet,BGC0000171,20260814,0.933846153846154,0.23929180723577784,0.931567304255884,0.9563633395064012,0.14442396313364056
setnet,BGC0000175,20260814,0.5882352941176471,0.0591010288414467,0.9978531503480509,1.0,0.1486635944700461
setnet,BGC0000469,20260814,1.0,0.6866098484848484,0.873219696969697,0.9336824680895162,0.148110599078341
setnet,BGC0001140,20260814,0.7575757575757575,0.07233980354911967,1.0,1.0,0.14599078341013827
setnet,BGC0001441,20260814,0.746268656716418,0.07136273807735229,0.9920081384017309,1.0,0.14758064516129032
setnet,BGC0001574,20260814,0.7927272727272728,0.15588763216798945,0.7803071196693122,0.8504372305387977,0.14794930875576034
setnet,BGC0001657,20260814,1.0,0.7266666666666667,0.7266666666666667,0.7716008732816377,0.14566820276497694
setnet,BGC0001700,20260814,0.9336,0.1501931562473255,0.9413065933701426,0.9558487639563584,0.14158986175115207
setnet,BGC0001945,20260814,0.82,0.6612699175274241,0.8225398350548483,0.8607329893955651,0.15016129032258066
setnet,BGC0001952,20260814,1.0,0.25860088985088986,1.0,1.0,0.14751152073732718
setnet,BGC0002061,20260814,0.8618181818181818,0.12699094948395664,0.4079550608555572,0.6350024011970444,0.1477880184331797
setnet,BGC0002095,20260814,1.0,0.13321778690249042,0.4191781850723759,0.6780775144814871,0.14700460829493087
setnet,BGC0002378,20260814,0.88,0.33507327900783224,0.5634011534733427,0.7629282250669905,0.1484101382488479
setnet,BGC0002625,20260814,1.0,0.2745343040797586,1.0,1.0,0.14714285714285716
ensemble,BGC0000031,20260810,0.9186363636363636,0.14915376321850946,0.7357251809407745,0.8853501118536933,0.1492626728110599
ensemble,BGC0000078,20260810,0.79,0.5806480742934209,0.691296148586842,0.773568891710175,0.14963133640552995
ensemble,BGC0000171,20260810,1.0,0.24445351229966614,0.9977619047619048,0.9994860025337912,0.14463133640552994
ensemble,BGC0000175,20260810,0.5882352941176471,0.05906642031878891,0.994920031547148,1.0,0.14880184331797236
ensemble,BGC0000469,20260810,1.0,0.75,1.0,1.0,0.1490783410138249
ensemble,BGC0001140,20260810,0.7575757575757575,0.07233980354911967,1.0,1.0,0.14711981566820276
ensemble,BGC0001441,20260810,0.746268656716418,0.07148287175188399,1.0,1.0,0.14792626728110597
ensemble,BGC0001574,20260810,0.9604545454545454,0.1643508134828189,0.9308792552776546,0.9661913537222756,0.14548387096774193
ensemble,BGC0001657,20260810,0.78,0.7811,0.7811,0.78,0.1470967741935484
ensemble,BGC0001700,20260810,1.0,0.15263832711014028,1.0,1.0,0.1450230414746544
ensemble,BGC0001945,20260810,0.865,0.6828170223526954,0.8656340447053908,0.8955497420466737,0.15156682027649768
ensemble,BGC0001952,20260810,1.0,0.25860088985088986,1.0,1.0,0.14608294930875576
ensemble,BGC0002061,20260810,0.9327272727272726,0.12688661962927794,0.4237337610299485,0.6603819002396896,0.14511520737327188
ensemble,BGC0002095,20260810,1.0,0.18526848068530832,0.5271836395885452,0.775512740267675,0.1432258064516129
ensemble,BGC0002378,20260810,0.7040000000000001,0.38399292180571504,0.6810414325861509,0.7766464374733231,0.1460599078341014
ensemble,BGC0002625,20260810,1.0,0.2745343040797586,1.0,1.0,0.14599078341013827
ensemble,BGC0000031,20260811,0.9131818181818184,0.1465431844970148,0.7112474011922661,0.8730612746764074,0.14774193548387096
ensemble,BGC0000078,20260811,0.81,0.5736643902222612,0.6848287804445224,0.7722611604966361,0.1495852534562212
ensemble,BGC0000171,20260811,1.0,0.24461722038645115,0.9998901098901101,0.9999750101850252,0.14753456221198158
ensemble,BGC0000175,20260811,0.5882352941176471,0.059075933973107786,0.9957204084493182,1.0,0.14857142857142858
ensemble,BGC0000469,20260811,1.0,0.75,1.0,1.0,0.14755760368663595
ensemble,BGC0001140,20260811,0.7575757575757575,0.07233980354911967,1.0,1.0,0.14691244239631338
ensemble,BGC0001441,20260811,0.746268656716418,0.07148287175188399,1.0,1.0,0.14735023041474654
ensemble,BGC0001574,20260811,0.9613636363636364,0.16397699208077646,0.9238423527462818,0.9650956167456318,0.1490783410138249
ensemble,BGC0001657,20260811,0.86,0.8607142857142857,0.8607142857142857,0.86,0.1474193548387097
ensemble,BGC0001700,20260811,1.0,0.15263832711014028,1.0,1.0,0.14460829493087554
ensemble,BGC0001945,20260811,0.785,0.6431039812590997,0.7862079625181994,0.8336532928891471,0.14801843317972352
ensemble,BGC0001952,20260811,1.0,0.25860088985088986,1.0,1.0,0.14986175115207373
ensemble,BGC0002061,20260811,0.9327272727272726,0.12233316030322262,0.4151041296409509,0.6521551989680999,0.14746543778801846
ensemble,BGC0002095,20260811,1.0,0.16765357524116525,0.4998255361229533,0.7446898636365736,0.14576036866359446
ensemble,BGC0002378,20260811,0.71,0.3865076729383911,0.6895528215116254,0.7842303886496316,0.15188940092165898
ensemble,BGC0002625,20260811,1.0,0.2745343040797586,1.0,1.0,0.14654377880184333
ensemble,BGC0000031,20260812,0.9227272727272728,0.15047932241281642,0.7378448053999731,0.8907061806174026,0.14847926267281106
ensemble,BGC0000078,20260812,0.85,0.5933709958133115,0.7057896106742422,0.7963749522251069,0.1480414746543779
ensemble,BGC0000171,20260812,1.0,0.244594115286423,0.9995897435897436,0.9999055192238064,0.14525345622119815
ensemble,BGC0000175,20260812,0.5882352941176471,0.0590775051660137,0.9958559498492202,1.0,0.1470967741935484
ensemble,BGC0000469,20260812,1.0,0.75,1.0,1.0,0.14737327188940091
ensemble,BGC0001140,20260812,0.7575757575757575,0.07233980354911967,1.0,1.0,0.14781105990783408
ensemble,BGC0001441,20260812,0.746268656716418,0.07148287175188399,1.0,1.0,0.14546082949308756
ensemble,BGC0001574,20260812,0.955,0.1635175887464574,0.9152750115858904,0.9599260234882696,0.14744239631336406
ensemble,BGC0001657,20260812,0.81,0.8109793814432991,0.8109793814432991,0.81,0.14631336405529954
ensemble,BGC0001700,20260812,1.0,0.15263832711014028,1.0,1.0,0.1432258064516129
ensemble,BGC0001945,20260812,0.84,0.6704557612400613,0.8409115224801227,0.8762071016849466,0.14880184331797236
ensemble,BGC0001952,20260812,1.0,0.25860088985088986,1.0,1.0,0.15085253456221198
ensemble,BGC0002061,20260812,0.9372727272727271,0.1374246780443864,0.4507612057038451,0.6850440686027235,0.14599078341013827
ensemble,BGC0002095,20260812,1.0,0.15475414944504576,0.4791202478543465,0.7227350414129474,0.14299539170506914
ensemble,BGC0002378,20260812,0.684,0.3825281462720194,0.6745436563772769,0.7695282664430617,0.1476036866359447
ensemble,BGC0002625,20260812,1.0,0.2745343040797586,1.0,1.0,0.14723502304147465
ensemble,BGC0000031,20260813,0.911818181818182,0.15069006090333475,0.7357854864058696,0.8857202210136357,0.1490783410138249
ensemble,BGC0000078,20260813,0.835,0.6554146497663411,0.810829299532682,0.8595656449373774,0.14829493087557602
ensemble,BGC0000171,20260813,0.9707692307692308,0.24140666120569976,0.958152840540342,0.9768497841990506,0.14246543778801846
ensemble,BGC0000175,20260813,0.5882352941176471,0.0591041312617747,0.998114537231747,1.0,0.14898617511520734
ensemble,BGC0000469,20260813,1.0,0.75,1.0,1.0,0.15119815668202766
ensemble,BGC0001140,20260813,0.7575757575757575,0.07233980354911967,1.0,1.0,0.14972350230414747
ensemble,BGC0001441,20260813,0.746268656716418,0.07148287175188399,1.0,1.0,0.14580645161290326
ensemble,BGC0001574,20260813,0.91,0.1625106105523111,0.8948294818502148,0.9335247804369332,0.14769585253456222
ensemble,BGC0001657,20260813,0.85,0.8508426966292134,0.8508426966292134,0.85,0.15087557603686635
ensemble,BGC0001700,20260813,1.0,0.15263832711014028,1.0,1.0,0.14211981566820275
ensemble,BGC0001945,20260813,0.85,0.6754781922750459,0.850956384550092,0.8839441578296374,0.1514746543778802
ensemble,BGC0001952,20260813,1.0,0.25860088985088986,1.0,1.0,0.1468663594470046
ensemble,BGC0002061,20260813,0.9327272727272726,0.13001255897500388,0.429238321006909,0.6674047149369885,0.14700460829493087
ensemble,BGC0002095,20260813,1.0,0.17469475845978405,0.5085469827487089,0.7570510345870115,0.1437327188940092
ensemble,BGC0002378,20260813,0.742,0.3854073558812721,0.6873183320836063,0.790761037288334,0.1468663594470046
ensemble,BGC0002625,20260813,1.0,0.2745343040797586,1.0,1.0,0.1476036866359447
ensemble,BGC0000031,20260814,0.9322727272727274,0.15401065494259197,0.7849100577311053,0.909561657724365,0.15032258064516127
ensemble,BGC0000078,20260814,0.805,0.6313119010516403,0.7726238021032805,0.8288365402380384,0.1477880184331797
ensemble,BGC0000171,20260814,0.9376923076923076,0.2401132112874601,0.9413379916032264,0.9602743918846964,0.14442396313364056
ensemble,BGC0000175,20260814,0.5882352941176471,0.05911652953376936,0.9991673189514624,1.0,0.14859447004608295
ensemble,BGC0000469,20260814,1.0,0.75,1.0,1.0,0.148110599078341
ensemble,BGC0001140,20260814,0.7575757575757575,0.07233980354911967,1.0,1.0,0.1459447004608295
ensemble,BGC0001441,20260814,0.746268656716418,0.07148287175188399,1.0,1.0,0.14753456221198158
ensemble,BGC0001574,20260814,0.8972727272727273,0.16211096103931827,0.8872947792765541,0.9261521080717009,0.14794930875576034
ensemble,BGC0001657,20260814,0.72,0.7238888888888888,0.7238888888888888,0.72,0.14566820276497694
ensemble,BGC0001700,20260814,1.0,0.15258788836370152,0.9987615954415956,0.9997544860774744,0.14158986175115207
ensemble,BGC0001945,20260814,0.82,0.6605157158525228,0.8210314317050457,0.8607329893955651,0.15016129032258066
ensemble,BGC0001952,20260814,1.0,0.25860088985088986,1.0,1.0,0.14746543778801846
ensemble,BGC0002061,20260814,0.928181818181818,0.1080564369078908,0.3920486471610751,0.6248479271142657,0.14776497695852533
ensemble,BGC0002095,20260814,1.0,0.16597263651633434,0.4920163728723528,0.7410233488512055,0.14700460829493087
ensemble,BGC0002378,20260814,0.7240000000000001,0.3831649106601576,0.6768833484490934,0.7811768858409652,0.1484101382488479
ensemble,BGC0002625,20260814,1.0,0.2745343040797586,1.0,1.0,0.14714285714285716
weighted_pfam,BGC0000031,20260810,0.9277272727272728,0.14906627274131296,0.7341452653185229,0.8890669529101731,0.5063594470046082
weighted_pfam,BGC0000078,20260810,0.79,0.5580039811906732,0.654526480899865,0.7434126514537618,0.5130645161290323
weighted_pfam,BGC0000171,20260810,1.0,0.2446256734718273,1.0,1.0,0.5102073732718894
weighted_pfam,BGC0000175,20260810,0.5882352941176471,0.05907668446839182,0.9957831099907728,1.0,0.5046774193548387
weighted_pfam,BGC0000469,20260810,1.0,0.75,1.0,1.0,0.5188018433179724
weighted_pfam,BGC0001140,20260810,0.7575757575757575,0.0723398035491197,1.0,1.0,0.5129032258064516
weighted_pfam,BGC0001441,20260810,0.746268656716418,0.07148287175188403,1.0,1.0,0.5234101382488479
weighted_pfam,BGC0001574,20260810,0.96,0.16427111677311554,0.9291363078925776,0.9658722849154762,0.5082027649769585
weighted_pfam,BGC0001657,20260810,0.78,0.7806875,0.7806875,0.78,0.5102304147465437
weighted_pfam,BGC0001700,20260810,1.0,0.15263832711014028,1.0,1.0,0.5126036866359447
weighted_pfam,BGC0001945,20260810,0.865,0.6828371550624859,0.8656743101249718,0.8955497420466737,0.5031336405529955
weighted_pfam,BGC0001952,20260810,1.0,0.25860088985088986,1.0,1.0,0.5104147465437788
weighted_pfam,BGC0002061,20260810,0.9327272727272726,0.12273534602412325,0.4179409282887267,0.6538913595631091,0.5164976958525346
weighted_pfam,BGC0002095,20260810,1.0,0.16772698584691847,0.4998802534783179,0.7452543930618399,0.5155990783410138
weighted_pfam,BGC0002378,20260810,0.7,0.3835566506927672,0.6793052267975672,0.7750825183400954,0.5125576036866359
weighted_pfam,BGC0002625,20260810,1.0,0.2745343040797586,1.0,1.0,0.5087327188940092
weighted_pfam,BGC0000031,20260811,0.9127272727272728,0.14663476276176662,0.7114309901882829,0.8731114657934117,0.5063133640552995
weighted_pfam,BGC0000078,20260811,0.81,0.5442484819416535,0.6366451120314551,0.7331932299525162,0.5145391705069123
weighted_pfam,BGC0000171,20260811,1.0,0.2446256734718273,1.0,1.0,0.5105299539170507
weighted_pfam,BGC0000175,20260811,0.5882352941176471,0.05907583556453357,0.9957115958665028,1.0,0.5050921658986175
weighted_pfam,BGC0000469,20260811,1.0,0.75,1.0,1.0,0.5187096774193549
weighted_pfam,BGC0001140,20260811,0.7575757575757575,0.0723398035491197,1.0,1.0,0.5129723502304148
weighted_pfam,BGC0001441,20260811,0.746268656716418,0.07148287175188403,1.0,1.0,0.5228801843317972
weighted_pfam,BGC0001574,20260811,0.9613636363636364,0.16396064475163996,0.9234878840596176,0.9651304878914788,0.5080645161290323
weighted_pfam,BGC0001657,20260811,0.86,0.8604375000000001,0.8604375000000001,0.86,0.5098617511520738
weighted_pfam,BGC0001700,20260811,1.0,0.15263832711014028,1.0,1.0,0.5129723502304148
weighted_pfam,BGC0001945,20260811,0.785,0.6430370503738164,0.7860741007476328,0.8336532928891471,0.503041474654378
weighted_pfam,BGC0001952,20260811,1.0,0.25860088985088986,1.0,1.0,0.5102995391705069
weighted_pfam,BGC0002061,20260811,0.9327272727272726,0.1199240539055594,0.4162808733301934,0.6491652937467138,0.5163594470046082
weighted_pfam,BGC0002095,20260811,1.0,0.16551614664535982,0.49691048380111796,0.7413298413763013,0.515184331797235
weighted_pfam,BGC0002378,20260811,0.71,0.3864587521636916,0.6897790009413743,0.7835984897841545,0.5115437788018433
weighted_pfam,BGC0002625,20260811,1.0,0.2745343040797586,1.0,1.0,0.508663594470046
weighted_pfam,BGC0000031,20260812,0.9381818181818182,0.1505458434823245,0.7403470164146423,0.8986058731486262,0.508225806451613
weighted_pfam,BGC0000078,20260812,0.85,0.5857679360517359,0.6908215863891862,0.7848077426625736,0.5175576036866361
weighted_pfam,BGC0000171,20260812,1.0,0.2446256734718273,1.0,1.0,0.5122350230414746
weighted_pfam,BGC0000175,20260812,0.5882352941176471,0.05907663347890759,0.9957791230299509,1.0,0.506705069124424
weighted_pfam,BGC0000469,20260812,1.0,0.75,1.0,1.0,0.5208755760368663
weighted_pfam,BGC0001140,20260812,0.7575757575757575,0.0723398035491197,1.0,1.0,0.5153686635944701
weighted_pfam,BGC0001441,20260812,0.746268656716418,0.07148287175188403,1.0,1.0,0.524516129032258
weighted_pfam,BGC0001574,20260812,0.9609090909090908,0.1636371706979482,0.9176553309684752,0.963452764945871,0.5105529953917051
weighted_pfam,BGC0001657,20260812,0.81,0.81059375,0.81059375,0.81,0.5123963133640553
weighted_pfam,BGC0001700,20260812,1.0,0.15263832711014028,1.0,1.0,0.5157142857142857
weighted_pfam,BGC0001945,20260812,0.84,0.6704134272705699,0.8408268545411398,0.8762071016849466,0.5057142857142857
weighted_pfam,BGC0001952,20260812,1.0,0.25860088985088986,1.0,1.0,0.5130645161290324
weighted_pfam,BGC0002061,20260812,0.9372727272727271,0.1285040926151498,0.43254808178887344,0.6672719353547015,0.5168433179723503
weighted_pfam,BGC0002095,20260812,1.0,0.17264729317854413,0.5121786009991492,0.7546556768818209,0.515483870967742
weighted_pfam,BGC0002378,20260812,0.696,0.3829599828370142,0.6766035592471247,0.7730624896886245,0.5143548387096775
weighted_pfam,BGC0002625,20260812,1.0,0.2745343040797586,1.0,1.0,0.5108525345622119
weighted_pfam,BGC0000031,20260813,0.911818181818182,0.1511964072731649,0.7423708853343769,0.8875894724301407,0.5059677419354839
weighted_pfam,BGC0000078,20260813,0.835,0.557132401196843,0.6479685060973897,0.7513073880631798,0.5152073732718894
weighted_pfam,BGC0000171,20260813,1.0,0.2446256734718273,1.0,1.0,0.5112672811059907
weighted_pfam,BGC0000175,20260813,0.5882352941176471,0.05907291795756892,0.9954633090227633,1.0,0.5044930875576037
weighted_pfam,BGC0000469,20260813,1.0,0.75,1.0,1.0,0.5188018433179724
weighted_pfam,BGC0001140,20260813,0.7575757575757575,0.0723398035491197,1.0,1.0,0.5133410138248848
weighted_pfam,BGC0001441,20260813,0.746268656716418,0.07148287175188403,1.0,1.0,0.5227649769585253
weighted_pfam,BGC0001574,20260813,0.96,0.16378667906769742,0.9200730669824838,0.9636268156777664,0.5073271889400921
weighted_pfam,BGC0001657,20260813,0.85,0.85046875,0.85046875,0.85,0.5099078341013825
weighted_pfam,BGC0001700,20260813,1.0,0.15263832711014028,1.0,1.0,0.5129032258064516
weighted_pfam,BGC0001945,20260813,0.85,0.6753799657962836,0.850759931592567,0.8839441578296374,0.5035483870967742
weighted_pfam,BGC0001952,20260813,1.0,0.25860088985088986,1.0,1.0,0.5107373271889399
weighted_pfam,BGC0002061,20260813,0.9327272727272726,0.1238601444088822,0.4218208102038492,0.656774136739598,0.5164746543778802
weighted_pfam,BGC0002095,20260813,1.0,0.16887315844979134,0.5041740242300053,0.7476146441184223,0.5151152073732719
weighted_pfam,BGC0002378,20260813,0.7140000000000001,0.38481229307758136,0.6848614038662724,0.7816498320286979,0.5119354838709677
weighted_pfam,BGC0002625,20260813,1.0,0.2745343040797586,1.0,1.0,0.5086866359447004
weighted_pfam,BGC0000031,20260814,0.9081818181818184,0.15267655381414055,0.7630591658613199,0.8921384364981748,0.5065668202764977
weighted_pfam,BGC0000078,20260814,0.805,0.5915464770157527,0.7023786683172196,0.7819762289669956,0.5125806451612903
weighted_pfam,BGC0000171,20260814,1.0,0.2446256734718273,1.0,1.0,0.5111751152073732
weighted_pfam,BGC0000175,20260814,0.5882352941176471,0.059078557449257565,0.9959421427802396,1.0,0.505
weighted_pfam,BGC0000469,20260814,1.0,0.75,1.0,1.0,0.5187096774193549
weighted_pfam,BGC0001140,20260814,0.7575757575757575,0.0723398035491197,1.0,1.0,0.5130184331797235
weighted_pfam,BGC0001441,20260814,0.746268656716418,0.071482871751884,1.0,1.0,0.5226958525345622
weighted_pfam,BGC0001574,20260814,0.9609090909090908,0.16387246266143968,0.9217111554234728,0.9645227049643076,0.5080184331797235
weighted_pfam,BGC0001657,20260814,0.72,0.720875,0.720875,0.72,0.5105069124423963
weighted_pfam,BGC0001700,20260814,1.0,0.15263832711014028,1.0,1.0,0.5130414746543779
weighted_pfam,BGC0001945,20260814,0.82,0.6604493394152077,0.8208986788304152,0.8607329893955651,0.5031336405529955
weighted_pfam,BGC0001952,20260814,1.0,0.25860088985088986,1.0,1.0,0.5104377880184332
weighted_pfam,BGC0002061,20260814,0.928181818181818,0.12037684889779275,0.41381226436743146,0.6476396169784842,0.5171658986175115
weighted_pfam,BGC0002095,20260814,1.0,0.16540080119946576,0.4936560486918029,0.7405762384748346,0.5151382488479263
weighted_pfam,BGC0002378,20260814,0.6940000000000001,0.3820862044937777,0.6726795806876268,0.7709230172545384,0.5121658986175115
weighted_pfam,BGC0002625,20260814,1.0,0.2745343040797586,1.0,1.0,0.5086405529953917
